	1	2	3	4	5	6	7	8	9	10	11	12	13	14	15	16	17	18	19	20	21	22	23	24	25	26	27	28	29	30	31	32	33	34	35	36	37	38	39	40	41	42	43	44	45	46	47	48	49	50	51	52	53	54	55	56
1	0.0	-2.4972357754889053e-30	-2.315623882203881e-31	1.4082570413398156e-32	1.6517852235862293e-34	-3.770855409895873e-33	2.862091219136314e-33	-2.4419401638369142e-33	5.450737592494802e-34	-1.175177267178031e-33	-9.94591234319723e-34	-3.6870300954347565e-34	2.647184704800891e-34	-3.7275471822665654e-35	3.4396912099379316e-35	-2.0859034446361383e-33	2.220357418869025e-34	1.1254592129528062e-34	4.1721819121403196e-32	-4.950954902116353e-31	1.5157357790199218e-31	1.2758521129720356e-34	6.228174357973611e-32	8.608275643805311e-34	-2.8338293025094206e-32	-5.142220286311112e-32	-2.6946107696590595e-32	-2.2053549138426505e-32	-2.467925094162494e-32	-1.9784241541609747e-32	-1.2008714310075814e-32	-9.757075278601262e-33	-8.278515545666297e-33	-6.202346923376595e-33	-4.863025682755397e-33	-3.8046014158203624e-33	-2.509137331360296e-33	-2.354637481750963e-33	-2.137095199708504e-33	1.4874959888549947e-33	-1.2052676121581776e-33	1.3263439116417737e-33	-1.7223126350631528e-34	-3.9308777232625716e-35	3.0017590912607802e-33	-1.6877489831726914e-33	-3.9897981658289055e-34	-2.815978911804448e-33	-1.0531140065486597e-32	-7.316441239630744e-33	3.725100146891374e-33	-3.042167306295353e-33	-2.664144691294207e-33	2.575084882717885e-33	-1.3781794143198256e-33	1.30166570588059e-33
2	2.219722195113498e-32	0.0	-2.5012741113572523e-30	-2.0168115655463993e-31	2.6289463317253426e-32	-8.659423796970632e-34	-9.579985782810194e-34	2.4782778990726824e-33	6.4123814281566525e-34	1.4443000256494211e-33	1.1650408988559385e-33	-3.5044190722276065e-34	5.061197049519959e-34	-1.7976314861288746e-33	2.0491448974963936e-33	-1.9886266179632494e-33	-1.2082758638210758e-32	1.204753982574144e-31	-1.445756920396034e-31	1.8364124807739868e-31	-2.1753718174483648e-32	1.9623554880541614e-32	-3.2075185662859157e-32	-1.0235326333738327e-32	2.4050183503467365e-33	-1.1480878817779228e-33	-5.07261962836267e-33	9.317729362532898e-33	1.802663737989033e-32	1.714255002862782e-32	9.880468795380577e-33	1.003137150810873e-32	1.0370154546293066e-32	7.061037974169909e-33	5.376909375949268e-33	4.875161835496205e-33	3.245137184853437e-33	2.4883808518897886e-33	3.2490775738773564e-33	-1.0608197443478994e-33	9.433050851039391e-34	-9.8385172591832e-34	-3.53377709696659e-34	1.6144885132683854e-33	-2.0585903334499816e-33	-5.017989840701192e-34	8.197321378621023e-33	7.904672556716708e-33	2.084114576468315e-32	3.3609125808994264e-32	6.694104225653241e-33	1.5550438456494627e-32	5.783884822774013e-34	-1.2119895570045775e-33	2.8278252362514673e-34	-1.093414368331682e-33
3	-9.77904502329231e-33	2.1536512210683345e-32	0.0	-2.5011844339790673e-30	-2.908006341562445e-31	3.336084412916096e-32	-8.905281712363344e-33	9.886141098574498e-34	-3.2999622018608624e-33	-1.0209652898647253e-33	-6.788292466541061e-34	2.0174278627992602e-33	-2.244843450521693e-33	6.262903914539116e-33	-6.392968727897497e-33	1.9182042840063508e-32	1.3018928407314563e-31	-1.2350462499344467e-30	7.307370643747732e-32	1.1080982072785613e-32	-9.3802103125748e-33	-1.717645250048185e-32	5.086735751081413e-33	2.393531506637209e-33	7.091442902530242e-33	2.502295981260042e-32	2.1117892144432008e-32	3.4457300201181416e-33	-2.522981519571803e-33	5.156711834382769e-33	2.650341502995962e-33	-6.221899635116679e-33	-9.997233334084955e-33	-4.160002541000896e-33	-3.5070369360774854e-33	-5.115301893431288e-33	-3.1364671280817784e-33	-1.7197335232498598e-33	-4.202257298701888e-33	-5.65679217350903e-34	-1.9204263602604403e-34	2.671901543722492e-35	-1.2191911215696797e-33	1.6766824454213758e-33	-1.0527997879885532e-32	2.471500497454135e-32	-1.8339227952266363e-32	-4.208376585726699e-33	-4.765065615855025e-33	-5.479136235936428e-32	-9.400879149865437e-32	8.929621550692318e-32	-7.859221578611055e-33	-2.3439755618169295e-33	2.6862344725916196e-33	-1.5271276527286078e-34
4	-9.859870562636545e-33	-5.5768653363512935e-33	2.3502251920419527e-32	0.0	-2.499661613599164e-30	-3.0640344722577034e-31	4.449027795991829e-32	-8.183287725975086e-33	8.196513366152797e-33	4.2163801366811085e-34	-2.2361073614452428e-35	-3.7613147440474485e-33	3.051653313854764e-33	-8.301559418921353e-33	-9.55854596587822e-33	7.874838951927976e-32	-1.6016450294682934e-31	9.747690895409147e-32	-9.81532586010488e-33	1.3490438200199051e-33	1.902727599342924e-33	7.32580842244803e-33	-4.308938570715049e-33	1.3511079487187935e-34	-2.1605318359156858e-33	-1.0350615594411222e-32	-1.0384884846430783e-32	-9.831676210639862e-34	-7.0417310306285185e-34	-9.629953545737018e-33	-5.439385650776789e-33	3.0751066366563524e-33	5.584915480601818e-33	8.316542752977855e-34	1.4901501636106973e-33	3.6856836077176105e-33	2.3259890650834132e-33	6.194911092784635e-34	4.19253675597282e-33	1.953698419981191e-33	2.4156241594988245e-34	-4.29386513416479e-34	6.466718580412413e-33	-1.6168957752164968e-32	2.7770222969602884e-32	-6.054744492498231e-32	1.6166944819732727e-32	-8.85866177330992e-33	-1.872662939433997e-32	3.214252861127119e-32	9.537871366900109e-32	-4.145028524115614e-31	7.327259093816993e-32	6.406063919800572e-33	-6.017527091841075e-33	1.4314094384180012e-33
5	-1.0806809118131688e-33	-5.4843446080336894e-33	-6.30617132652854e-33	3.252025441018268e-32	0.0	-2.4996682919751115e-30	-3.982595698302392e-31	4.6146811936521427e-32	-2.286007442591476e-32	3.873866731402448e-33	2.6392303586119483e-33	7.193428581228015e-33	-1.4686376917326486e-33	1.7599324811459426e-33	1.5600932953054082e-31	-9.996688230001676e-31	4.8055254117437314e-32	2.9047127677698203e-32	-9.472694570390554e-33	4.89789965461926e-33	-2.4987533640718507e-33	-1.3465404243154923e-33	-3.4690388704605706e-33	-5.6821883958248726e-33	-2.183207987756371e-33	-1.4907112986491568e-33	-9.536273852767065e-33	-5.6800275523811694e-33	1.8123475278641914e-33	9.030279220706199e-33	3.423115734219955e-33	4.456297365817939e-33	8.171258083869208e-33	1.6421166059006077e-32	7.917402330564276e-33	3.0505144789549232e-33	5.047689405721413e-33	3.9470105252807416e-33	2.1887848709821675e-34	-6.039232062585351e-33	2.9167647430993373e-34	8.96295846049687e-34	-1.554353398850913e-32	3.9444319579178056e-32	-2.5600441103115187e-32	3.2297207028553753e-32	-5.850370170390728e-33	6.178337279338534e-33	1.1154339557155514e-32	-9.560173676187879e-33	-2.2730171689970175e-32	8.160680959599013e-32	-1.476705025045502e-31	5.394194615750973e-32	4.391637222339044e-33	-6.277562122109429e-33
6	-2.4564312358515923e-33	2.144747728371432e-33	-2.492856371521909e-33	-1.7428215750991995e-32	8.237457725067051e-33	0.0	-2.5007627757138803e-30	-3.808859418024632e-31	6.863248221764237e-32	-1.0216120193987354e-32	-8.011327326962473e-33	-1.3325500416284587e-32	-5.845961666771066e-33	8.397511831830892e-32	-1.2383586177759859e-31	1.1632414425023032e-31	-1.699980727469536e-32	3.906647106420318e-34	6.745993832364684e-34	8.445545604468173e-34	-1.5713122178980946e-34	1.218135603935207e-33	-4.082449264207952e-34	2.2412634672452696e-33	1.7646634482425716e-33	-2.7243846877604973e-34	1.4461033312435875e-33	4.771279451487562e-33	2.0338731067825252e-33	-2.049684942252918e-33	4.358707104889059e-33	3.220598554229028e-33	-5.944219770586276e-35	-5.955801782793031e-33	-6.300119645549955e-34	3.3483452554460325e-34	-4.5221120666369626e-33	-1.976224513018258e-33	4.0777434260575986e-33	4.839053337520319e-33	9.83739672655336e-33	-2.341831982597763e-32	4.748532271798927e-32	-9.318037037615531e-32	1.6111136419433696e-32	-9.313009685516245e-33	-3.915041053499511e-33	-7.290505779297337e-33	-9.291713808923373e-33	-5.406627455208307e-33	-8.790525357579525e-33	4.5976916352247053e-32	1.2967723486294308e-31	-1.4447162036620954e-30	6.816532778529087e-32	5.247272265377195e-33
7	-9.335760615540716e-34	-2.990050245562572e-33	2.1495535379727426e-33	2.662032740628927e-34	-1.7441511331563993e-32	2.0912656913726928e-32	0.0	-2.4962197908081136e-30	-1.514162140130951e-31	3.7062988389851086e-32	2.8696116454224947e-32	2.6994814777876397e-32	5.837009315753911e-32	-6.363424828096433e-31	4.6143358761884693e-32	2.991103753130664e-32	-7.310106333438844e-33	3.284049773152611e-33	-1.5444000065354498e-33	1.7270635527195314e-34	3.334718526859724e-35	6.044219139553199e-34	-1.8521420355827267e-33	-3.205083373492029e-33	-2.5920202755433266e-33	-2.756111883845619e-33	-5.263557160497748e-33	-5.627217628105915e-33	-3.512364670311083e-33	-4.6010651234024175e-33	-9.008957477170694e-33	-3.514927441814893e-33	2.4423678252254933e-34	-3.280154569461727e-34	-2.498980638738122e-33	1.5546753372723054e-33	9.597394479233256e-33	4.767116435105593e-34	-1.9338718844324508e-33	6.291290635258453e-33	-1.5884063790807469e-32	2.852828993304173e-32	-2.8090795948079175e-32	3.3673249174346004e-32	-7.885313967272365e-33	6.409590163058655e-33	7.980233789158436e-34	3.209917934864758e-33	4.6254265410859535e-33	-9.905847680163474e-35	-1.3174989998424182e-33	-4.733620688310447e-33	-2.659502213350712e-32	1.9777042716926645e-31	-1.1367381731600799e-31	3.335783953286375e-32
8	-1.6694256642501815e-33	1.730069300699938e-35	-5.157642256441769e-36	-4.427761113288568e-33	2.0128601111119944e-33	-2.874038570335142e-32	-3.96609035064951e-32	0.0	-2.5069469249162275e-30	-4.115728999627434e-32	-9.799450678127499e-33	1.872795755813834e-32	-1.190164871766112e-31	1.1544634501164373e-31	-2.635858925698873e-32	9.359492956107188e-33	-1.9582387073018407e-33	-4.554441502893271e-34	4.5626290099272184e-34	2.864179756302111e-34	-5.549137127520186e-36	1.0938163503824146e-33	-1.4296199382795006e-33	-6.777852129441641e-34	-4.078170864737621e-34	-1.6881999993554063e-33	-2.4825396654232628e-33	-7.244659456900129e-34	-8.575525538872587e-34	-3.5094605662319605e-33	-2.873021848557337e-33	4.0931392441247045e-34	-1.8430308528397692e-34	-4.153254535999327e-33	-6.327065144544707e-34	1.9198221914841025e-33	1.8873319591518274e-33	-1.818703006686612e-33	7.57451299031467e-33	3.7335523124131264e-33	2.905058771609858e-32	-7.413765143614617e-32	8.843835185550667e-33	7.414224046802473e-33	-6.561106832161317e-33	4.8589108334701675e-33	-3.4316487750143474e-33	-2.2047043544913784e-33	-1.8773078972283524e-33	-3.46299207374042e-33	-4.754639053606126e-33	8.394011092375589e-33	-2.0546019110175783e-32	8.025724024685316e-32	8.203217637742917e-32	-1.1092568545869668e-30
9	-3.134996165287416e-34	-1.3995171052353339e-33	1.896408859840267e-33	-1.1972070187865207e-33	1.3842673936160448e-34	6.179606038414472e-33	-1.8386433064587682e-32	1.0437639501642165e-31	0.0	-2.4982673053500258e-30	4.574354952790598e-31	4.374041171651042e-31	2.604832028551068e-32	-1.858178804686086e-32	3.37887981771318e-33	1.714890524777736e-33	6.035620556034965e-35	-6.445718636817868e-34	3.8208395120398653e-34	-7.914021807104907e-34	6.0680831711349196e-34	5.7794235747475565e-34	-6.489167370490819e-34	-1.2330326613249214e-33	-1.506249120025679e-33	-1.4350114853182746e-33	-1.7795463715849792e-33	-2.6983862865567773e-33	-2.6958505597729462e-33	-3.118119554876292e-33	-5.189530883289654e-33	-4.3938501285537425e-33	-3.47395476614412e-33	-5.5425872719941235e-33	-8.139505277705215e-33	-4.219339861533222e-33	6.033983976813462e-34	-9.340283738867575e-33	-1.8234461531032507e-32	4.440153384448359e-32	-3.3509867314754253e-32	2.7529293826085766e-32	-6.768027119642468e-33	2.97874827397008e-33	-6.642070228068388e-34	1.947730531198723e-34	8.507669497269499e-34	2.4723563115937884e-34	6.491924757519929e-34	4.005039642355129e-34	-6.154231194345001e-34	-6.330255160010508e-34	3.4446271096585763e-33	-1.0086500771136469e-32	-2.8689357103958265e-32	1.6572513158927948e-31
10	-7.6687465819820225e-34	-1.0631227434507535e-33	9.09602271624494e-34	-9.698057803836517e-34	-8.988260047633957e-34	4.872593438488896e-34	-1.1496688516760236e-32	8.946055679993297e-33	-7.518287986392396e-32	0.0	-2.4946599949892924e-30	5.757330199233577e-31	-4.5882793113277605e-32	8.897189634727234e-33	-4.124289158162498e-33	3.5361867469973525e-33	-1.1164526556260628e-33	1.0585606921359972e-34	-3.857337286931913e-35	-1.5874631945403727e-34	2.2302895871297154e-34	5.92377349139837e-34	-9.430631805008128e-34	-1.3878669670107592e-33	-1.334823664483635e-33	-1.4498376341176245e-33	-2.0149877168648622e-33	-2.40516352140049e-33	-2.1228851902862245e-33	-2.6679883217167624e-33	-4.139195923477631e-33	-3.150586665929692e-33	-2.3851473097978595e-33	-4.277050777490967e-33	-5.940710714403021e-33	-3.037580023878664e-33	3.5876767802766e-34	-8.049143429827698e-33	-1.3264638790219474e-32	3.0480160922020743e-32	-2.101943131561595e-32	1.6505195264652966e-32	-5.860547427974756e-33	4.121408706103568e-33	-1.2467854734282376e-33	1.3414105189775985e-33	3.0070914653511056e-34	8.881276468108284e-34	1.2556473954926395e-33	-3.1329267077789803e-34	-7.168889636118746e-34	-4.099193325935765e-34	-6.641915635308608e-34	6.58274550600909e-34	-1.7687273747415336e-32	4.097217604708166e-32
11	-2.04231917796524e-34	-4.287028531495655e-34	-4.4026908421243325e-34	9.694797496320425e-34	-3.667275910621292e-33	1.0211523209982911e-33	-1.292949835126764e-32	-7.600649093007492e-33	-2.4484012293124864e-32	-7.485361970695238e-32	0.0	-2.5064673806239415e-30	-2.476482901147318e-31	3.559100628204602e-32	-1.4205260625463714e-32	7.45481130447424e-33	-3.724952430474012e-33	1.9741621903962284e-33	-1.2858578478298228e-33	6.821085304549309e-34	-4.146655776070817e-34	-1.7980976920188958e-34	-3.459357100564043e-34	-8.819627770301202e-34	-5.893764005427961e-34	-3.7981338794429085e-34	-1.0341041138463179e-33	-1.4589322157537637e-33	-6.790694513804092e-34	-5.066135970431217e-34	-2.0526012401084856e-33	-1.4282050600767873e-33	1.11664766312421e-34	-2.273890503632673e-34	-2.6070935353513098e-33	-7.472315140594669e-34	3.893557284738506e-33	-2.3864490877008994e-33	-1.0706229296674248e-32	2.2365825506935023e-32	-1.6026943736993007e-32	1.4270419724168112e-32	-5.344223395310412e-33	3.469800883171058e-33	-2.4097659681263636e-34	7.941018620171002e-34	6.358171511973418e-34	1.578800497881241e-33	1.725948613167832e-33	1.8751491157656775e-34	5.245992796360736e-34	-1.898798580316607e-33	-9.917948657146983e-34	2.873516454039947e-33	-1.651760749716033e-32	3.3628999951627107e-32
12	2.047981597737349e-34	5.230215835962563e-34	1.0332617165454463e-33	-2.191165539647588e-33	8.51487181343199e-33	-1.6700527683031108e-33	4.6804481173682236e-32	7.938931450819989e-32	-7.1467230336497535e-31	9.838591766400022e-32	-1.0835258595014502e-31	0.0	-2.4898690192228283e-30	-2.225482832350302e-31	3.403922741748239e-32	-1.7455678918672213e-32	7.079692468874785e-33	-3.784533828538867e-33	2.1946257275265864e-33	-1.177585013447337e-33	7.175537196244963e-34	4.172474084344793e-34	4.2279578015165175e-34	1.1770673474974322e-33	6.159105746667455e-34	2.604243560606343e-34	1.3689651366633238e-33	1.8300584159931884e-33	3.7506835079905587e-34	-2.08630411588583e-34	2.2292937664497123e-33	9.764207838487662e-34	-1.7052281407322933e-33	-2.893620109296548e-33	7.734816150216732e-34	-8.815553866389561e-34	-7.128881169442871e-33	-2.57164126614524e-33	8.508513813998886e-33	-1.7850950745055342e-32	2.1022008529450483e-32	-2.671778330377822e-32	1.2130159091598406e-32	-9.238114064017351e-33	1.3768327451786279e-33	-1.9970245982359264e-33	-7.058073317161525e-34	-2.49344942175554e-33	-2.816030475385013e-33	-1.2311323020105096e-34	-7.821741058511362e-34	3.481752039769192e-33	4.636462620436518e-33	-1.7598022106708824e-32	4.9178567393826384e-32	-1.0315356699538525e-31
13	-6.933761201430393e-34	-3.3125745350712362e-34	-2.023841880756998e-33	1.0374015304930997e-33	-8.686562321194654e-33	-2.1364868198897558e-32	3.991430005915617e-32	-1.008310797606705e-31	2.018514975753257e-31	-1.999096921943242e-32	9.123086034447316e-33	6.778368242597245e-32	0.0	-2.500477532600232e-30	-1.8896003078888686e-31	3.6332010935394766e-32	-1.4108781208780992e-32	5.8771481358752816e-33	-3.3353602243434645e-33	1.9584215572268908e-33	-1.1192112432919447e-33	-4.185267059335702e-34	-7.598111465876582e-34	-1.3513646871487875e-33	-5.289288868670428e-34	-4.468852150873462e-34	-2.0040897994879607e-33	-1.796944487650885e-33	-7.454892095943014e-35	-4.956290244857488e-35	-2.1138628048778885e-33	-8.454720841394815e-35	2.6315209002492596e-33	3.073545617988855e-33	5.156719490707454e-34	1.665504000210071e-33	7.135072258260322e-33	2.0327717996797118e-33	-3.17493437031496e-33	5.764118530453646e-33	-8.530128244385584e-33	1.2248267393801625e-32	-9.230622708241926e-33	1.002990542427138e-32	-2.920791194724674e-33	3.706266784664739e-33	-3.443045490797303e-34	2.2727117271706228e-33	2.643155999055346e-33	-1.1309171993323448e-33	-6.568681972214477e-34	-3.276386201030066e-34	-1.1496703658913148e-32	3.1913574777584084e-32	-2.6366340964553813e-32	3.003837666674017e-32
14	1.0983429180427935e-34	5.433122450285618e-34	4.324310047533609e-33	-6.325868636583452e-33	3.9923514863165094e-32	1.0798676902008275e-31	-1.1162728369935871e-30	9.771783506852796e-32	-4.777137735178895e-32	5.4939511577761035e-33	-4.8454745296218025e-33	-2.700337782950274e-32	7.51742935159099e-32	0.0	-2.4955529638727384e-30	-2.2407551868826366e-31	3.298868806947503e-32	-1.4016391413439236e-32	6.0087097327459226e-33	-2.9229883680496723e-33	1.5858200234054846e-33	1.2130625644652528e-33	5.0618381352367076e-34	1.570411703276097e-33	4.189190816137202e-34	-3.324058203323922e-34	1.976376446103584e-33	2.0307319222506864e-33	-5.8628448183260904e-34	-2.5121524103159437e-33	1.117256033785875e-33	-2.52168728328712e-34	-3.439449944362356e-33	-7.014384812863838e-33	-1.741118302101788e-33	-7.77626790679321e-34	-5.028467440766146e-33	-1.848974754728142e-33	3.4372108065026874e-33	-1.0253688213161214e-33	6.478014324340149e-33	-1.1314066865331443e-32	1.2525926784650545e-32	-1.7674978529521733e-32	5.8300613632954054e-33	-7.172338995282851e-33	7.962066852459898e-34	-3.570632832489084e-33	-4.510420160526685e-33	1.785569547878854e-33	1.263989100723993e-33	-5.74904597613302e-35	2.9178412658778104e-32	-7.662951620490689e-32	2.7679841308531414e-32	-1.797402388569085e-32
15	-2.3048468855464617e-33	-2.838522253519829e-33	-3.8751676236792273e-33	-1.6800067631129177e-32	6.784333929896777e-32	-1.147307874696284e-31	1.4135642621322144e-31	-4.6834110538491676e-33	1.2628491237476584e-32	-1.6335294242439401e-34	3.9503217182858776e-33	8.735617187737292e-33	-2.5678886459773235e-32	6.499507290209723e-32	0.0	-2.486909817061755e-30	-2.1447472430322847e-31	2.977704835396419e-32	-1.2267442397566209e-32	4.869637230187931e-33	-2.1236984945238323e-33	-3.2359962692447035e-34	-2.5968242841274206e-33	-3.476988174712623e-33	-1.824242285385413e-33	-2.683594100884669e-33	-7.055803983585889e-33	-4.4384684701181096e-33	-9.764749178897096e-34	-2.922902034091644e-33	-4.287642815807733e-33	1.1643931524620909e-33	5.597648730818161e-33	5.695922261589015e-33	2.966649288911877e-33	3.3183200171521684e-33	8.42030037312645e-33	1.6703996948838843e-33	1.5901906394049628e-33	5.81959398860356e-34	-3.235841747508171e-33	4.8015273391187824e-33	-8.83778472508744e-33	1.3974292157506534e-32	-7.715164833133836e-33	9.638808270121316e-33	-2.4451852973018658e-33	2.459780843265831e-33	3.612918118524582e-33	-5.0155754099451826e-33	-8.003104549128464e-33	1.7551880291531713e-32	-2.697944254914659e-32	3.413109539379349e-32	-9.666990029995411e-33	4.745907200827857e-33
16	3.906954543146324e-33	3.421457327642638e-33	2.1245330622053355e-32	1.2074248260603475e-31	-1.90096668503472e-30	8.391081214427845e-32	-1.8817340003402673e-33	-6.507681028616754e-33	1.358475411615359e-33	3.461824651032432e-34	-1.2664387854008745e-33	-5.7463700981844383e-33	1.0148266823057318e-32	-2.8934081151238234e-32	7.911160021185557e-32	0.0	-2.4921107413098184e-30	-2.1794365344395563e-31	3.4399811025813124e-32	-1.4067401837429424e-32	5.534062413055751e-33	3.149008007426876e-33	3.4427507850699354e-33	4.5389662348539414e-33	5.4918045890839025e-34	-3.325097877883448e-34	9.202371600800026e-33	3.3607390410327194e-33	-4.387507491002748e-33	-1.261439110022205e-32	-4.584548456706322e-33	-3.9767456585277114e-33	-6.984916926644402e-33	-1.3466190914482972e-32	-4.708202995683892e-33	-5.356584769542763e-34	-3.79165499469686e-33	-1.2062508696093115e-33	1.64200914412027e-33	1.786576511418128e-33	1.2509598629458463e-33	-2.1216940996251335e-33	7.79649158118746e-33	-1.510332389085141e-32	1.2800978375083628e-32	-1.827650666468935e-32	6.191140511701901e-33	-2.3458112553339625e-33	-4.2349184157556466e-33	1.2867908943215652e-32	2.418397787427383e-32	-6.614717294850988e-32	3.90043713922711e-32	-2.0132428950388787e-32	1.9158798756795476e-33	-8.416048137841484e-34
17	-1.880780990225174e-32	-1.7398209504923037e-32	4.598958749895897e-32	-1.3928266316504015e-31	1.3206027757683315e-31	-2.8012465170989787e-33	2.643972719098249e-34	2.2410930783922216e-33	-6.496929762061888e-34	-5.453437277836915e-34	3.0475205837265804e-34	2.9211801580507518e-33	-5.0116533627019484e-33	1.0140647271618824e-32	-2.580730578151488e-32	6.382942231450809e-32	0.0	-2.492677335145119e-30	-2.2739295768304158e-31	4.222417239337425e-32	-1.3641264167476773e-32	-1.3677513676739854e-33	-8.791629603818161e-33	-5.484645293307032e-33	1.3702977954111722e-33	-1.731592833265321e-33	-1.1167420037130416e-32	1.4865683467601861e-33	1.2997745954315777e-32	2.217987066315511e-32	1.032311758529587e-32	6.774219184535383e-33	8.766468882745145e-33	1.1529179723996452e-32	4.0837067000038636e-33	5.246908396963886e-35	2.7722552171082896e-33	4.474149682207331e-34	-1.5458674841930618e-33	-1.207560172015924e-33	-3.2499530340209588e-34	4.773703988304149e-34	-3.212697074696546e-33	5.5800498838602684e-33	-7.853195469672048e-33	1.1415905458272156e-32	-6.824272719117004e-33	-1.0513120219647253e-33	-6.006176703295686e-34	-1.4444348055072373e-32	-2.240034668232649e-32	3.7986280532665013e-32	-1.1938751202913323e-32	3.954958461622051e-33	4.33221964108074e-34	2.082508729928051e-34
18	5.538364780651146e-32	1.459063504456182e-31	-9.097733549803957e-31	6.683392832776558e-32	2.1054351323460128e-32	-9.843681497056519e-33	3.2581654072260335e-33	-1.5740672671589844e-33	1.3527622727542422e-33	4.450250119156771e-34	2.5032965490138724e-35	-1.785705179298844e-33	2.5315419756723313e-33	-5.1075673056671356e-33	9.045399266527842e-33	-2.3064520242182466e-32	6.466610898946797e-32	0.0	-2.4952587451911006e-30	-3.7976492814021e-31	4.7525153459292387e-32	1.3784239654569404e-32	1.8980547863686574e-32	5.853495229444272e-33	-9.894176391461803e-33	-2.3401116794286682e-32	-4.0596423859718116e-33	-8.819772910096815e-33	-1.33015478466763e-32	-2.7872205131343134e-32	-1.1492262426500478e-32	-1.748469499801006e-33	7.620259799012877e-34	-3.779276683941598e-33	-7.982496056846438e-34	2.1562170984856567e-33	-3.1704404533597224e-34	5.8254116502477235e-34	2.1020913594618997e-33	8.40385063691784e-34	5.224387316915392e-36	1.7544296128983865e-34	1.4250297574241186e-33	-1.994343289729993e-33	7.088840276060668e-33	-1.0819573708183685e-32	1.0237186364146744e-32	4.266536083401096e-33	3.8906807595575135e-33	2.1903621085894392e-32	2.965190658163943e-32	-2.8966660432844666e-32	3.796521422678429e-33	6.305932814775136e-34	-1.5890424956498456e-33	2.279234345988538e-34
19	-5.937526400677202e-32	-1.3095314713741077e-31	1.2277758760062943e-31	-1.479158053468777e-32	1.1344255007765438e-33	1.9539193490569856e-33	7.042678426756211e-34	1.253389812614399e-34	3.1433588154581684e-34	-6.679327698863115e-34	-1.384214116290429e-34	8.170054426782715e-34	-1.475023023803369e-33	2.2855532027970002e-33	-4.020900446537973e-33	5.2329920789211806e-33	-2.218661931600922e-32	6.075932753411806e-32	0.0	-2.499028150395583e-30	-2.2557230091512166e-31	-2.739411646400293e-32	-1.820088126814118e-32	-1.3113874328331854e-33	1.466191330869226e-32	3.284941231061137e-32	6.871301617571383e-33	3.500453175884251e-33	4.301206562746318e-33	1.293805147712534e-32	4.6674777044223365e-33	-6.367115582471857e-34	-2.196858215241403e-34	1.7753717973038424e-33	-2.5199707760775878e-34	-1.7956040231357663e-33	7.560254461240301e-34	-1.1716022784739778e-33	-1.3579603161650983e-33	1.5206690027321164e-34	-6.306888651352591e-34	5.09709945639336e-34	-1.3897354968741603e-33	1.6141535383838735e-33	-3.976142151635527e-33	5.6409707959250765e-33	-6.749870551723582e-33	-3.76562683348662e-33	-4.0536640330685375e-33	-1.2360970043367115e-32	-1.366362389821042e-32	1.2078302432138271e-32	-2.961265745547191e-33	1.1175030477529547e-33	1.494947528568602e-34	5.332694066966469e-34
20	8.590168310274368e-32	1.6593936550692205e-31	5.129556761692993e-33	-8.420985199091632e-33	5.5739239357394776e-33	-2.408060885534388e-33	-1.6967707561071161e-34	3.088757439978007e-34	7.524400053978816e-35	7.180039019960887e-34	3.7358681706084366e-34	-5.271467738144147e-34	8.693143686692175e-34	-1.5605882145457137e-33	2.3315617931192696e-33	-3.26987897244646e-33	8.647978006665697e-33	-3.1770678580097797e-32	4.2347225959552205e-32	0.0	-2.49390431629898e-30	6.905274491204731e-31	-1.0770042430169904e-32	-7.594050523280153e-33	1.3076202292591002e-32	1.988252572608387e-33	-4.295373779936011e-33	1.297964294748429e-32	1.7949989881097164e-32	3.0316368055895137e-33	2.1228109560626186e-33	5.693619602357982e-33	4.4057287978761966e-33	1.7379657506325253e-33	2.2582662931439115e-33	2.7610632034556744e-33	6.0308306814934716e-34	1.6355643605245558e-33	1.7552419454687934e-33	-4.681125130245454e-34	6.957313595696284e-34	-5.033021990200219e-34	6.913999229126279e-34	-2.111289024356092e-34	2.405276306664237e-33	-3.42469699263977e-33	8.558902234886326e-33	7.183086342721097e-33	7.557089079932284e-33	1.305859529071357e-32	1.0168910850887524e-32	-4.455331260636928e-33	1.0216879402493468e-33	-5.04707843916494e-34	-2.4361540916259743e-34	-5.024703427924755e-34
21	-3.411272850771606e-32	-2.9960757791601615e-32	3.3779667783177694e-32	-1.0422722573600512e-32	4.804517521025986e-33	-9.980460277540838e-34	6.271309442482329e-34	5.8944438990456525e-34	9.5509639985996e-34	4.716332579418635e-34	6.1322869695338765e-34	-2.4547860636759475e-34	7.038721291228611e-35	-5.381296910280425e-34	3.855926556972184e-34	-8.16990601035894e-34	-1.9796939371772106e-34	-3.2607211287599234e-33	-1.311739242494311e-32	-6.414120856970448e-32	0.0	-2.5023180925593666e-30	-2.299479765174725e-31	-3.542302968991462e-32	5.660933623785368e-32	6.818191851311141e-32	1.3080962517206198e-32	2.0182366009267943e-32	2.30275534107014e-32	1.1249409192009622e-32	6.61609196939403e-33	8.286064054217684e-33	7.078125761615732e-33	4.1341565402988225e-33	3.696929053613991e-33	3.7974907871185335e-33	2.082938000786208e-33	1.8222420439590437e-33	2.3217825527593777e-33	-3.862208166283287e-34	1.6596455983521512e-34	1.0290225031176588e-34	-1.158181029036111e-33	2.2245270881973e-33	-2.1641519804247498e-33	3.650810249439608e-33	2.1435699641669433e-33	5.9684793965847886e-33	4.629964597796128e-33	-3.380642858670073e-33	-5.576768460707286e-33	6.25882918308651e-33	-1.962297107787538e-33	6.9339497574134266e-34	-5.889145978728786e-34	1.384744175164234e-35
22	2.2802280570688687e-32	3.037767794280476e-32	-6.253133214188072e-32	1.5747809318521443e-32	-5.5917667635987534e-33	1.4103848411064572e-34	-6.328768204930981e-34	-1.1729444092112197e-33	-1.5636090591460208e-33	-5.232407776558227e-34	-9.216599896041813e-34	9.898257979946386e-35	4.030832880039086e-34	6.601460459121273e-35	6.893806123111207e-34	-1.0617874684280654e-33	4.9793290277543196e-33	-5.3977997202641794e-33	2.651194063248811e-32	3.527722024570168e-32	-4.481427737155004e-32	0.0	-2.4949150245269888e-30	5.924532876922366e-31	4.551734254647693e-32	-1.2879042020095134e-30	-1.1437012410658618e-31	-7.286013549812728e-32	-7.922170237402192e-32	-4.292454230317759e-32	-2.003267592033528e-32	-1.9516399024180105e-32	-1.659083239135237e-32	-9.878177537612778e-33	-7.357507625214502e-33	-6.771209468455735e-33	-4.373406134207105e-33	-2.722938438030316e-33	-3.696367863442432e-33	4.697508951236848e-34	1.806405264925953e-34	-5.664225622291052e-34	2.810222394711427e-33	-4.730394118510289e-33	4.789795169346018e-33	-7.861163267284669e-33	-9.918298170343999e-34	-6.077133299135579e-33	-3.385946928360777e-33	8.347645852430597e-33	1.2207945460859246e-32	-1.430671514200686e-32	4.345957925291112e-33	-1.3473448641650267e-33	1.01231620223202e-33	-2.4286759478911494e-34
23	5.891968849211744e-33	-5.656534506895226e-34	-2.1013145169236868e-32	7.52503783871399e-33	4.882415899191385e-33	-7.717347526410744e-33	3.2193669305457494e-33	-4.2384752823517324e-33	-6.84874980170649e-34	-1.2124775294834763e-33	-1.7899315878862142e-33	-1.0583177985420507e-33	1.8062871221818924e-33	-1.8850457636228216e-33	3.176909992540995e-33	-6.489282252787592e-33	8.484322052192418e-33	-1.0343278799548315e-32	4.073917034039968e-33	1.659630618773146e-33	-2.255552993467764e-32	-7.978287354411814e-32	0.0	-2.4940775411301855e-30	6.715022712812674e-31	3.341521273854016e-31	-2.0050896795913853e-30	-2.505096470582308e-31	-8.723812617345293e-32	-9.387742099249915e-32	-6.818183291602555e-32	-3.561420362047638e-32	-2.4067583206305058e-32	-1.9891073894046293e-32	-1.452415729641268e-32	-9.42944684103169e-33	-7.86069477967918e-33	-4.4581712302834014e-33	-4.785624816904234e-33	2.5148425527925285e-33	-9.727720448359273e-34	1.0336774001079798e-33	3.922602917461599e-33	-5.5767770357492246e-33	1.4428305007199698e-32	-1.5030515370038978e-32	1.0134695270222234e-33	-8.4091596012977e-33	-8.003921370574653e-33	7.78892215550561e-33	1.6513937124321837e-32	-1.209565578218886e-32	-1.4456690429856387e-33	3.264852145056187e-33	-1.6884601985072875e-33	1.0685948854540278e-33
24	-3.358674080596266e-33	-1.2086435386196935e-32	4.691625425556034e-33	3.8259723591675215e-33	-9.23897158104686e-35	-1.6808165528097338e-33	2.660281035213079e-33	-3.238305472494917e-33	2.1199032356458184e-34	-1.7677386773886734e-33	-1.766291261937902e-33	-7.227290913422201e-34	8.415225508247814e-34	-4.5972282523501e-34	7.5770633738352144e-34	-2.0150473992441853e-33	-2.2074470193932906e-36	4.903735856067648e-33	-1.066306838638799e-32	1.578521726928475e-33	-7.035733162214014e-33	5.410182153380743e-33	-1.366702296701103e-31	0.0	-2.495638513194649e-30	4.534569363729011e-31	3.231969351817704e-31	-8.743657241816952e-31	-7.409098092944243e-32	-4.664021340605039e-32	-6.450122296920657e-32	-5.688791065972046e-32	-2.533906207719453e-32	-1.9925864839807638e-32	-1.899405021248263e-32	-1.2882133429450762e-32	-7.910260023811396e-33	-7.211379339195429e-33	-5.835942749127053e-33	3.874833127547964e-33	-2.9043531761851308e-33	2.3921726731409553e-33	3.1063661354428746e-34	-1.6744377935232242e-33	2.7951704687920876e-33	-1.7168515405151953e-33	-5.5494557879093925e-33	-6.164303893757401e-33	-4.42405676182467e-33	-2.294464002345253e-33	-1.9948213988422278e-33	8.720748508274044e-34	-2.4687801796660344e-33	3.472668972023046e-33	-1.6914311977549718e-33	1.8904135520501885e-33
25	-5.707084265657443e-33	-1.7816973160407997e-32	7.653306485414235e-33	9.3499792737585e-33	-7.412039218323751e-33	2.1723771367723847e-33	7.021671638530963e-34	-2.20114783135375e-33	-1.2770749834801214e-33	-1.5189050837148925e-33	-1.696035951757818e-33	7.042865975130109e-35	2.6034476146516444e-34	7.335492814229029e-34	-2.9820066572185477e-34	-7.106394378638438e-35	-1.7955637862549847e-33	1.7598099128922176e-32	-2.598513159534004e-32	2.753498041535346e-34	-5.060447595470866e-34	8.374301743586634e-32	-1.3560544623315826e-31	-1.3304932344773932e-31	0.0	-2.4945488867461357e-30	5.549030831033833e-31	2.846621007455152e-31	-1.5098861901802809e-30	-1.3471553577476609e-31	-4.949367030500444e-32	-8.762285257669105e-32	-6.405823049105692e-32	-2.8789032689868716e-32	-2.1490173436173712e-32	-1.9688784361167406e-32	-1.0313855705714415e-32	-7.754348991072912e-33	-8.360450834310572e-33	1.930708121218909e-33	-8.739917565322637e-34	1.420744089560799e-34	2.351523308587502e-33	-4.229481574746363e-33	5.882223701093823e-34	-1.0655927243903135e-33	-4.753357919815135e-33	-4.7493125790290426e-33	-2.8268125735327192e-33	-2.489933505056275e-33	-2.7475537979601842e-33	-3.219621219687777e-33	2.9445118145448228e-33	-2.7472773958687822e-34	9.707096943198414e-34	6.108646981461284e-34
26	-4.812606079946757e-33	-1.928361204699473e-32	3.714683042880498e-33	2.9694826246899575e-32	-1.508198557459733e-32	1.102422115785945e-33	1.152637044468971e-33	-4.1037420939381704e-33	-3.158514054876967e-33	-1.4221129102636489e-33	-2.26533656134072e-33	-3.2037683920271158e-34	1.663750072305181e-33	-7.479365755055983e-34	3.3676185244741154e-33	-8.448248047929911e-33	1.4754537908646213e-32	6.694814147730142e-33	-1.8459073791187524e-32	8.319374191534145e-33	-1.0782379998031654e-32	2.492942473300655e-32	-1.1008640453134963e-31	-1.2936020315030588e-31	-9.549597281472967e-32	0.0	-2.4962837044865467e-30	6.1484638817912816e-31	1.6588468066216794e-31	-1.09894349092274e-30	-1.026329971836378e-31	-7.119806660822212e-32	-8.295427371555072e-32	-5.145648240585596e-32	-2.5107319289836867e-32	-1.8974252681015716e-32	-1.4912100925655687e-32	-6.2247264912788e-33	-9.799346230379669e-33	9.55370833675235e-34	1.0354364012665304e-33	-1.7175511389821145e-33	6.9536153777033e-33	-1.1696432049658038e-32	3.61778369208868e-33	-5.226839789241672e-33	-5.171544795749732e-33	-5.6523163381593455e-33	-3.058761590422868e-33	-1.1840176787016095e-33	3.5942845312263676e-34	-2.347839511727595e-32	1.2703045583907098e-32	-3.401102356615453e-33	2.805194495853304e-33	-3.1781113636541e-34
27	-5.645988916750019e-33	-1.4285073290964868e-32	1.9960158315644343e-32	2.3210144798707058e-33	4.3450501965585545e-33	-7.00901690101246e-33	8.397076308826203e-33	-9.246131411501848e-33	1.2359937458398057e-34	-3.273378673567185e-33	-3.644498488989722e-33	-2.166232036435853e-33	2.999643166301944e-33	-2.7294409677258873e-33	3.907913405734404e-33	-8.38169224794463e-33	2.1071465629917762e-33	6.282807507839862e-33	-1.2153564538860512e-32	-2.288098670018073e-33	-1.0659274630248085e-34	1.466780381160308e-32	-5.287904412483312e-32	-1.146627024371396e-31	-1.253072090482217e-31	-1.3999152105765126e-31	0.0	-2.5022912316559152e-30	5.775200894603025e-31	1.8166557141752173e-31	-1.7454488468803936e-30	-1.9991589775175734e-31	-7.154781011352007e-32	-9.128221144006246e-32	-6.548083228929181e-32	-2.743472976068146e-32	-2.3137246609005153e-32	-1.258130134092458e-32	-1.3480864186166203e-32	7.727619813952534e-33	-3.446709028658836e-33	3.112780765688011e-33	7.98277770328098e-33	-1.1921903200435688e-32	7.935904848277791e-33	-3.857255748564469e-33	-6.377992383201445e-33	-6.31598129169467e-33	-4.380501963518453e-33	-3.687341015137759e-33	-5.8401486577127445e-33	3.8541889926003536e-33	-3.0334517778451123e-33	9.941180813643133e-33	-3.3170912108808325e-33	3.5283633010623896e-33
28	-6.206011526183282e-33	-1.2410363028181962e-32	1.9517533796241045e-32	-3.2581459268375325e-33	-7.617509951384009e-34	2.875293921885074e-33	2.9319315233596713e-33	-3.532829847427989e-33	3.4281862728904427e-34	-3.1270071689779375e-33	-2.837652677090089e-33	-6.120503728099543e-34	5.232477945373036e-34	5.671237335669079e-34	-6.507237732350243e-34	6.066013768148139e-34	-5.977330365475794e-33	7.172767974496747e-33	-1.0584457981149369e-32	-7.081921101760394e-33	4.7570660760388166e-33	1.9109246626924728e-32	-3.243194988612595e-32	-5.391409343700499e-32	-1.0704711835293013e-31	-1.3763763082979871e-31	-1.3599131955116022e-31	0.0	-2.493276004531228e-30	6.243234284926682e-31	3.029744846805913e-31	-1.768158641350079e-30	-2.071230466060771e-31	-9.140784635915784e-32	-9.768051369509434e-32	-7.020610919407413e-32	-2.908605991225825e-32	-2.3567398484181096e-32	-1.936225256098496e-32	7.096199182801611e-33	-4.251722941675751e-33	2.2398062295061932e-33	8.449621251847741e-34	-1.7971733412821748e-33	-4.081607914339816e-33	3.955284465159898e-33	-5.038730396217115e-33	-2.8071543814265755e-33	-1.0733369795368578e-33	-4.493446739800988e-33	-8.085997700568675e-33	8.145891919742174e-33	-5.932155519031981e-34	2.687770702902339e-33	-1.6913437748915767e-34	2.6286018235577204e-33
29	-6.376392450194684e-33	-1.293807038906403e-32	2.412031763586714e-32	-4.534937089396794e-33	-8.300744011000273e-33	1.0576259169965913e-32	-9.009965206199518e-34	-1.044202769638111e-33	-2.7641262048427887e-33	-2.6310778738652782e-33	-2.809475250428921e-33	1.1200480078188221e-33	-7.6937573001391775e-34	3.700337113766255e-33	-3.798698905458654e-33	6.960211132231972e-33	-1.6219004753365353e-32	1.7658290770519658e-32	-1.740903276208813e-32	-4.2984647423709266e-33	1.7269033900825953e-33	1.4293684527894917e-32	-2.4016251739807648e-32	-3.1679942328671386e-32	-4.4891788242281475e-32	-9.945806356993066e-32	-1.3307877036345396e-31	-1.4127650208307485e-31	0.0	-2.4918758727789833e-30	4.381108157628762e-31	3.7817293852456945e-31	-1.760903393850916e-30	-1.8699597164117172e-31	-5.821418310587051e-32	-8.332777866528847e-32	-4.496211177565917e-32	-2.0341790464982543e-32	-2.5914701230247244e-32	5.503438953794261e-34	7.856192543025022e-34	-1.8583372131771087e-33	1.741999146883257e-33	-1.4261634440459735e-33	-6.923150610301393e-33	5.845686734268285e-33	-4.2475923148539794e-33	-1.4488985338691636e-33	4.350945074131801e-34	-4.697608192732065e-33	-9.57585871958149e-33	1.046432120961749e-32	3.3369491812668416e-33	-4.297506070681657e-33	4.496787375156129e-33	-5.675770387499741e-35
30	-4.982490984960256e-33	-9.840574615034938e-33	1.6392907305861703e-32	-3.602050123161981e-33	-9.239165193193244e-33	1.5295916655682036e-32	6.1424827471049966e-33	-8.901629400958802e-33	-3.818722661751385e-33	-5.534550423804159e-33	-6.123782154120291e-33	-1.1269316497565547e-33	2.941731140426997e-33	5.631027047565646e-34	1.2380383976109631e-33	-7.66715673960545e-34	-1.0838854100811539e-32	1.3252338855125447e-32	-1.0264537937536968e-32	-2.7366030728528373e-34	6.321229575483778e-35	7.208253109683982e-33	-1.6662399058810428e-32	-2.5654499755129727e-32	-2.7249690939636106e-32	-4.395578900163369e-32	-1.004517455088406e-31	-1.3653818140750693e-31	-1.201731384191552e-31	0.0	-2.5005000178815208e-30	6.377753205116265e-31	3.0260295491714667e-31	-1.8234891209493936e-30	-2.177720753920016e-31	-7.743921819817973e-32	-9.524074845682195e-32	-2.8718980677310876e-32	-5.316103643215264e-32	4.704647613874044e-33	2.7842493790275537e-33	-4.1542263847990294e-33	7.858639057239888e-33	-6.371526225758207e-33	-9.954718214187658e-33	7.482386953122285e-33	-4.26416287093758e-33	-1.1534127039255377e-33	1.0038166856713948e-33	-4.354104185881668e-33	-1.0418777498622071e-32	1.234900207093949e-32	8.987002019411618e-33	-6.416127215302293e-33	8.620213519924285e-33	1.3335530798329415e-33
31	-4.274386465544161e-33	-6.94123264612542e-33	1.09188716263829e-32	-5.424903383068921e-33	3.5121875272952243e-34	5.232957042924487e-33	3.543025262168353e-33	-4.9554137054539236e-33	2.6436146601795597e-33	-6.497688191869267e-33	-5.4453135210616065e-33	-2.0929725079248076e-33	1.2893869081588272e-33	3.324678784299393e-34	-1.2179852091560927e-33	3.305429762279756e-33	-6.537659523016129e-33	2.6538951855003576e-33	-3.4404711610850396e-33	-2.3068189281667762e-33	1.7446205291036896e-33	6.877370116617472e-33	-1.22333176912586e-32	-1.965200613119647e-32	-2.4804983040584004e-32	-3.02548294918831e-32	-4.9277456646032104e-32	-1.1375863618968377e-31	-1.3085717573611276e-31	-1.178607297039269e-31	0.0	-2.4947047354773775e-30	4.719454576992532e-31	3.501981385098879e-31	-1.6080485371797955e-30	-1.5999652153538381e-31	-9.82446779601494e-32	-7.927018626765746e-32	-6.822981707413517e-32	2.5977106055051894e-32	-1.1717898146123e-32	4.748196938210657e-33	9.806411201414905e-35	1.5219461770709524e-33	-8.71334445954226e-33	6.294165955370613e-33	-3.768802088404299e-33	-1.1416838026522424e-33	4.033642714100745e-34	-3.744106015373626e-33	-7.638042351260914e-33	9.249432716573236e-33	-1.1085947644891523e-33	3.6624745174508795e-33	-2.369502055556612e-34	6.400111007422362e-33
32	-4.0309551973889545e-33	-6.036823508631613e-33	9.870889819256387e-33	-5.952720305646114e-33	1.9277350145740414e-33	4.15387142076804e-33	-8.675272879511167e-34	1.6289141486777668e-33	1.0570533186283042e-33	-3.4747512721547534e-33	-2.7227485458627773e-33	8.5132494562393e-34	-1.788189419184206e-33	2.809383467101588e-33	-3.599216176948692e-33	5.287555326984442e-33	-6.455323339999431e-33	-4.161436747014176e-34	-1.5231261824464031e-33	-3.1534084350079794e-33	2.200195971585149e-33	6.864338277109108e-33	-9.795503391416696e-33	-1.3600431627935307e-32	-1.893872521367814e-32	-2.619643675546862e-32	-3.186673661430625e-32	-5.576905503362033e-32	-1.2664154449925108e-31	-1.3654270041650073e-31	-1.2929199507279544e-31	0.0	-2.5082698794908124e-30	6.078172333466327e-31	3.3734891310811764e-31	-1.5411215794731098e-30	-1.2699977278110533e-31	-1.074707936097929e-31	-5.264586001546707e-32	5.067105971441262e-33	-2.4790359804270474e-33	-2.841789696797335e-35	-2.8522989098710017e-33	3.9876388217555966e-33	-6.806298468436175e-33	5.207091209905201e-33	-2.5228440585701975e-33	-2.4441088270036563e-34	8.856848889773081e-34	-3.1382088153363926e-33	-5.961364527343803e-33	7.191499162293248e-33	-1.2183916360061962e-33	-1.2975478014645636e-33	2.018093088269622e-33	1.5103271097156611e-33
33	-3.3836461776774607e-33	-5.3508564464018975e-33	8.406120463543785e-33	-5.6436468427764887e-33	3.1405620672634163e-34	7.538179857068999e-33	-4.856159807475369e-33	5.252240382391526e-33	-3.085209370436928e-33	-3.680731629046372e-33	-3.968648740799808e-33	3.981312108174113e-33	-4.3441827030157937e-33	8.234902748511571e-33	-8.526371650528025e-33	1.1711980087110545e-32	-1.1268468427685636e-32	1.3027984151669814e-33	-2.6140295100832255e-33	-1.6305035592748348e-33	1.1723768978624338e-33	4.782941160655622e-33	-7.460395719771557e-33	-1.0263125790049974e-32	-1.24660944911692e-32	-1.8267581672911943e-32	-2.516598059840074e-32	-3.385410581970523e-32	-5.926834134617572e-32	-1.2118073253394928e-31	-1.3291621219573217e-31	-1.1471451898697069e-31	0.0	-2.4901380718386437e-30	4.66110560216879e-31	2.987617618435246e-31	-4.11329701014447e-31	-3.648477425572653e-32	-6.883503655727757e-32	-1.1353886992680124e-32	4.810938746155396e-33	-3.936230785637101e-33	-2.918056007264377e-33	5.0661213091774564e-33	-6.971973494315469e-33	5.1943821472810056e-33	-1.805788712176841e-33	3.144382717817941e-34	1.4479583053744887e-33	-2.6102036514338225e-33	-5.455205583096352e-33	6.772194020560787e-33	-6.5570688669369845e-34	-5.802235644874973e-33	5.82500459953622e-33	-1.957483180364139e-33
34	-2.7985938047489424e-33	-4.202993284063389e-33	6.1015387322968165e-33	-4.445595631424187e-33	1.360025395360461e-34	7.066331348368566e-33	-1.1999800467199233e-33	8.905295375447362e-34	6.396008901339906e-34	-1.2339634858775583e-32	-1.1786940736900723e-32	-1.2251345052746673e-33	6.5779841764754705e-34	3.837115584944095e-33	-3.7703992035654455e-33	6.891815114372643e-33	-5.969326309861307e-33	5.801057391019359e-34	-1.141168138592285e-33	-1.30011820426823e-33	1.1128871156001513e-33	3.642685820238351e-33	-5.8032738063946265e-33	-8.457095001931487e-33	-9.78709357575847e-33	-1.2360277431660897e-32	-1.810224027296172e-32	-2.7246019251323267e-32	-3.443203068862589e-32	-5.551340352425582e-32	-1.2335569255690395e-31	-1.330037721525704e-31	-1.2104155392593215e-31	0.0	-2.492387771533006e-30	5.888088079154196e-31	-3.3357468842586756e-31	-2.0260161496977605e-31	-1.1010232151190915e-30	7.136178887514708e-34	9.925843702127048e-33	-6.971395465338006e-33	-2.0406515186694443e-33	5.1719361594373645e-33	-7.374793922359714e-33	4.846486502594346e-33	-1.6329380999136418e-33	1.4714737101052825e-34	1.202760763097041e-33	-2.2178388316235117e-33	-4.737828807916067e-33	5.164758232717094e-33	4.2351671072747845e-34	-7.037728898810444e-33	9.728745590591105e-33	2.5122519467084323e-33
35	-2.4601936841897514e-33	-3.210477917578051e-33	4.7529340573438025e-33	-3.900319095974467e-33	1.7846644305127753e-33	1.900980571068709e-33	-1.338225459272468e-33	2.9381456406945533e-33	3.855350191250392e-33	-6.494129792204384e-33	-4.978286428477456e-33	-7.231204893651155e-34	-1.1776586093090281e-33	1.2627671467872579e-33	-1.9622448926417945e-33	3.153567160098542e-33	-2.18143782695255e-33	-1.2945583004762875e-33	4.077124393934437e-34	-1.7183530214081926e-33	1.4702840699200438e-33	3.492054414383559e-33	-4.727552924428331e-33	-6.51233079386766e-33	-8.247638225893487e-33	-9.865748658737485e-33	-1.2147556313401052e-32	-1.9467185759512782e-32	-2.7958735150132524e-32	-3.2316636264589355e-32	-5.6462545449061e-32	-1.171943896102527e-31	-1.2630890651425457e-31	-1.072928047354222e-31	0.0	-2.5036505574248388e-30	8.822673928832434e-31	-1.4615609106854484e-30	-2.9226577129273683e-32	1.9214963072375014e-32	-5.331862797954294e-33	9.794503674807746e-35	-4.424989623341871e-33	4.8864632390540025e-33	-5.4246066575192326e-33	3.752625501105861e-33	-1.5291942637513229e-33	-5.2338746207823215e-36	7.4269189770224755e-34	-1.9862665631081008e-33	-3.661264498323552e-33	3.967008114093007e-33	-1.2352545355763927e-33	-1.385891132166002e-33	1.4193013450644709e-33	3.5249071082797596e-33
36	-2.0334238116971152e-33	-2.4582212218000266e-33	3.2201182352375904e-33	-3.0906681007597105e-33	8.696008517490342e-34	1.301623403033032e-33	-4.5183322059768584e-33	7.326181883192242e-33	1.102408504113514e-33	1.454501489820029e-33	2.1313994773270707e-33	4.067818579062389e-33	-5.267296600668253e-33	3.1805300345462544e-33	-3.9674901050100616e-33	4.6138734680550404e-33	-2.903147055630469e-33	-4.3431256577611925e-34	-3.77327963457669e-34	-5.492369695124449e-34	4.675674888471441e-34	2.2612145477796998e-33	-3.5620226563822195e-33	-5.0458184067924475e-33	-5.769806677193838e-33	-7.139327040144964e-33	-9.236372686973676e-33	-1.322996892438669e-32	-1.8498149390736027e-32	-2.418464710004126e-32	-3.444340583160535e-32	-5.383999720511093e-32	-9.676696380218286e-32	-1.2410806820025994e-31	-1.7224466399273265e-31	0.0	-2.4973973033588116e-30	8.288850544768636e-31	1.935216493937898e-31	-1.6599082843667178e-32	3.300536865561003e-33	-1.53662360470389e-33	-4.684247437562488e-33	5.130980364688172e-33	-4.145919654537095e-33	3.221229382549786e-33	-7.016735434758733e-34	8.16618404151116e-34	1.4106741506125438e-33	-1.4619959468054867e-33	-2.6493204525763618e-33	2.402600832916305e-33	-1.0905188479479029e-33	-2.3392871162111932e-33	3.5878572076342033e-34	-2.613811807827585e-33
37	-1.2801124274319842e-33	-2.1847838988682728e-33	3.036267395126781e-33	-1.8701967038279434e-33	4.967577365426435e-34	3.4582656152529296e-33	-2.500708976365002e-33	5.784761582609389e-33	-1.6794224707833202e-33	-1.0246087343823019e-32	-1.2808626936548818e-32	5.774191625462643e-33	-4.495502050198167e-33	5.443235468055492e-33	-3.0020654252180326e-33	2.886801781144553e-33	-1.6181309395376745e-33	-8.334111242724608e-34	4.002150576507107e-34	-1.3834844915941146e-33	1.2301615907592538e-33	2.0313306518653508e-33	-2.460818693251343e-33	-3.554041781439241e-33	-4.700424938915634e-33	-5.129011964421421e-33	-5.7361456153224005e-33	-8.916262532749554e-33	-1.268841671213417e-32	-1.488741387910868e-32	-2.193607114897923e-32	-3.228645085572551e-32	-4.71308200364456e-32	-7.661036479516945e-32	-1.394945981130478e-31	-1.9557920609398382e-31	0.0	-2.497858994496929e-30	6.511848251045204e-31	-7.265469765424528e-32	1.6262939130701855e-32	-7.705151310732686e-33	-3.2233059413516504e-34	1.508854960453165e-33	-2.6602614245590378e-33	1.5998424744632715e-33	-3.735112383357768e-34	8.638289927610104e-35	6.069805262414855e-34	-7.052161598734232e-34	-1.7765726937294586e-33	1.4973295594364307e-33	1.3516656625599015e-33	-5.399673174090071e-33	6.954841519651353e-33	-4.552767539800345e-33
38	-1.6425637954707966e-33	-1.8925874801510878e-33	2.890583652094799e-33	-3.16624224870394e-33	2.4006818682432628e-33	-3.891140782948412e-34	-2.0242372781577144e-34	2.706105981183188e-33	1.2318452266161666e-32	-2.305785301090529e-32	-1.7957443863579537e-32	-9.563168075687944e-33	2.1867616708917095e-33	-1.9335216819528896e-33	9.738479987417842e-35	1.1302256906065416e-33	-6.013728653923617e-35	-1.72979438976619e-33	1.018933849759125e-33	-1.2374993132664715e-33	1.0872495720524045e-33	2.1455810912110908e-33	-2.604900918414547e-33	-3.2153329219250535e-33	-3.935454691530053e-33	-4.891175747225642e-33	-5.882487001728177e-33	-7.837928768777843e-33	-1.0311537850151718e-32	-1.3636583495347958e-32	-2.1259325227546648e-32	-2.5634502068208607e-32	-2.9081612902134213e-32	-5.216734511032042e-32	-1.2809819149625068e-31	-9.541341567814109e-32	-2.5992637926258783e-32	0.0	-2.5023835404388597e-30	-1.2270623631013523e-31	2.1224602722420842e-32	-4.071363821447553e-33	-3.8085853310788464e-33	4.550539696695168e-33	-4.1046673185937544e-33	2.685316888385902e-33	-1.2520238443675562e-33	-3.6298690852991148e-34	1.3523224481092435e-34	-1.5073028112706316e-33	-2.683060873278427e-33	3.203312710052605e-33	-2.0771193956325983e-33	5.56536641022908e-34	1.3454441981347374e-33	1.1551478801661186e-32
39	1.149169423292812e-34	1.443771337432142e-33	-1.5695787452385822e-33	-8.817431023796114e-34	1.6047646413396116e-33	-7.185649543943763e-33	-5.9170932335741726e-33	1.0867584488603917e-32	-8.267629673878818e-33	3.5704381063957224e-32	2.953135347514147e-32	1.4735368631210454e-32	-9.964189331402041e-33	2.400472474314922e-33	-1.9705381492777888e-33	5.798205154357768e-34	1.0758103628191872e-33	-9.761556864408613e-34	8.003023799275265e-34	5.675152950873984e-34	-5.305724179303788e-34	-4.520136806829393e-34	9.477963405354644e-34	2.881360055374179e-33	3.5571216906260564e-33	1.9934432084609563e-33	2.355466554246548e-33	7.590038999160363e-33	6.233802477474959e-33	1.789343145178487e-33	1.2147762781612524e-32	2.1906895585191712e-32	5.194264813164025e-33	-1.5275582026420957e-32	3.946806939089311e-32	1.2175646096862622e-32	-3.096931363897387e-32	-1.4652373383140123e-31	0.0	-2.500816879037669e-30	-2.526849542828897e-31	5.585193778991538e-32	-1.5361155666738602e-32	7.531788564739212e-33	6.999562506312768e-34	7.624363410480119e-34	-1.1481894422294058e-33	-3.437201743270258e-34	-7.6684914854998115e-34	-8.4810017162388e-34	-9.119521645159802e-35	2.007468877152983e-33	-1.0199443925617541e-32	1.5115531100258263e-32	-3.462994465670745e-32	-1.162830640561123e-32
40	1.0400113981035764e-34	-1.0820804539647614e-33	1.362196279604558e-33	4.571730510043505e-34	-3.2183405434444793e-35	5.7736531104644855e-33	1.0165862830591687e-32	-2.0732249558500105e-32	4.912009309273507e-32	-9.617822555729637e-32	-5.118962255097782e-32	-4.155277606399624e-32	1.899108558833005e-32	-9.065799190006839e-33	4.202970699490469e-33	-1.9367802718180577e-33	7.084302630140002e-35	1.5001545361279737e-34	-2.5657188109188044e-34	-6.083184899295711e-34	4.748463651868888e-34	1.8765528088912455e-34	-3.1927943183319173e-34	-1.584700224679481e-33	-2.0278404702340865e-33	-9.234233363893032e-34	-8.566961265863541e-34	-3.7938157698461554e-33	-3.028326404355263e-33	-5.7510741289942994e-34	-4.5510588717360406e-33	-8.240802707447406e-33	-2.7509060995332684e-33	3.3235889914961735e-33	-9.598089987467855e-33	-6.619724970012826e-33	6.213918508264022e-33	1.5488574763268766e-32	-1.727847421183755e-32	0.0	-2.4965409184086484e-30	-2.3193752620977866e-31	2.3106778043557648e-32	-1.1117713113777632e-32	1.0285086967301051e-33	-1.6084431399999304e-33	1.4865424053561278e-33	1.3615778841113121e-34	3.8006558307918042e-34	1.054357186355485e-33	3.0744392783588157e-34	-1.578550397123825e-33	1.0909204988073555e-32	-1.7421640397671952e-32	8.00242699997809e-32	1.6019276143724914e-31
41	-6.063275866830468e-34	6.4537579381402175e-34	-1.1570485812557215e-33	-3.7086764292788366e-34	-2.5925362070896573e-33	8.311430936594944e-34	-1.6470535619211237e-32	3.4523615302344704e-32	-3.067279081229001e-32	2.256621416867623e-32	1.5269448411905684e-32	1.8240654589930834e-32	-1.2116278861913258e-32	9.937789123283328e-33	-5.6267328556326555e-33	4.7332440185226004e-33	-1.555669265057799e-33	5.777533519495476e-34	-6.549640296876918e-35	7.378898759760188e-34	-4.633270205968405e-34	2.6248620382453033e-34	-5.541115715314312e-34	6.437688712658112e-34	1.1758864357877118e-33	-3.4059333130139225e-34	-1.4024220954280438e-33	1.3755414506426934e-33	8.129942840395456e-34	-2.233285468362295e-33	-2.556665262528701e-33	2.5234679719209302e-33	1.8884818862324926e-35	-5.015167403471014e-33	-4.5296598117829794e-33	7.054527315939809e-34	4.513730037669929e-34	-9.914623010441789e-33	-1.2775298686364493e-32	4.246083306371089e-32	0.0	-2.4933906383344008e-30	-2.3780424437856526e-31	3.249547688046498e-32	-5.8264557475213494e-33	4.5839698809814785e-33	-2.4155974609662772e-33	7.178021124647417e-34	7.649164536555092e-34	-1.7562402251651364e-33	-7.397294534989084e-34	-3.49171561678134e-34	-7.964024213597567e-33	-2.072202653611756e-32	8.956414569091826e-32	-1.656434812154006e-31
42	1.7318978859182256e-33	-5.224671136037554e-35	8.64455965964388e-34	1.743927031122655e-33	8.374201063391274e-33	-1.4084626551183e-32	4.4996759936717816e-32	-9.69983734529947e-32	2.2550880482477722e-32	-4.671502087947768e-33	-8.61395356123277e-33	-1.2609847752637675e-32	1.5148770788210802e-32	-1.8482051013038193e-32	1.2100966339217468e-32	-1.2819115968043408e-32	4.6309312317635025e-33	-1.736060649883959e-33	4.066058016714937e-34	-9.110043653107473e-34	3.401944721395895e-34	-1.1238382477494068e-33	1.9012028757108692e-33	4.436544890247001e-34	-5.06796740579219e-35	2.1844925200611774e-33	4.6003133798894485e-33	1.0758155432815572e-33	1.1751397587567988e-33	5.352245551555946e-33	8.429243766542717e-33	2.972447668939684e-35	-1.0882521021186116e-34	3.602890686791945e-33	4.146457806930544e-33	-1.6745031548770722e-33	-4.8996668240704516e-33	4.4655789083854826e-33	1.4396805621617576e-33	-2.5991838681892537e-32	9.305127999928946e-32	0.0	-2.5030885522669333e-30	-2.7917239349016345e-31	3.1518738165735633e-32	-1.5480604536154653e-32	7.632067126860103e-33	1.2588189059199242e-33	-3.0429191753381633e-35	5.091937782032927e-33	4.995293013065521e-33	-6.3939812237509355e-34	2.746805144665779e-32	2.298284520658802e-31	-1.731585848458836e-30	4.037887720210178e-32
43	-2.9568648786125836e-33	-1.3961087992617421e-33	-4.388452499012825e-35	-4.531982692049313e-34	-1.4942327862468933e-32	3.499712480402327e-32	-2.7318877712473e-32	3.499042429084384e-32	-3.4470340458811825e-33	2.1713674015849342e-33	4.4228452304261125e-33	4.8209977174550204e-33	-7.325297684219992e-33	1.0231439057663653e-32	-9.280035003658833e-33	1.3316187793087382e-32	-6.694852059538604e-33	3.9493191957303335e-33	-1.4596645379829602e-33	1.2715434799473455e-33	-3.2061387872808015e-34	2.045077075840138e-33	-4.386495512525864e-33	-3.7791556276435244e-33	-2.4428806978036013e-33	-4.752538886317348e-33	-1.0405133993090857e-32	-7.492725097249365e-33	-3.3227762704487875e-33	-4.2803621397274485e-33	-1.0067817839416802e-32	-1.3305217106130289e-33	2.8898081308955756e-33	5.055528164434569e-33	2.544859773188264e-33	3.674129612047568e-33	7.89969440757233e-33	9.21406163618538e-34	2.1470224770155355e-33	-5.131523556470132e-34	-1.8279228084973306e-32	3.952697712333032e-32	0.0	-2.4957848912990006e-30	-2.4819243501377574e-31	4.969168863850337e-32	-1.9976112380205123e-32	-3.635786273292595e-33	1.0335625279120679e-33	-9.589298388601618e-33	-9.438720325660332e-33	-2.2199859240803564e-32	1.7957013735445357e-31	-1.5628774163346252e-31	1.0643718289917135e-31	-5.095185831597177e-33
44	6.0962895811145007e-33	4.982862692040073e-33	2.2184680142137907e-34	-5.4039458281742106e-33	3.66482325462068e-32	-7.85740371673807e-32	1.5528194117893655e-32	-1.1209906936569522e-32	-6.474551827534476e-33	-4.624495537185351e-34	-1.574764117234652e-33	3.231884287643085e-34	2.6463056011315328e-33	-5.2714888484847266e-33	8.745334864768361e-33	-1.8242081546664702e-32	1.29537873113825e-32	-1.1465388891818622e-32	5.0131619529835854e-33	-3.713410999031025e-33	1.4532808937128087e-33	-2.768091334363975e-33	8.947499873341056e-33	9.587233511527828e-33	4.626685043028257e-33	6.852040326736722e-33	1.7902116802522786e-32	1.032863674815705e-32	-2.324368748425086e-35	-4.999112077556925e-33	-4.189646494418306e-33	-6.76037519165811e-33	-9.514949067208821e-33	-1.2694740755212577e-32	-9.456255745081123e-33	-6.749848851317768e-33	-7.644048190824238e-33	-3.06853963486945e-33	-6.253868519929698e-33	-2.9621339798037175e-34	2.8501185677506114e-33	-1.2521740639110184e-32	4.344596617392183e-32	0.0	-2.5067633425552557e-30	-2.949203168275918e-31	5.772621186378625e-32	2.425681447014773e-32	8.135596862470203e-33	2.853377533495775e-32	4.4034265095640585e-32	1.9710193186905404e-31	-1.1680167674706305e-30	3.304502015744209e-32	2.352922062534083e-32	-5.7896296725064815e-33
45	-5.935335247468072e-33	-3.953429598999221e-33	-5.064380538462727e-33	1.669834154771679e-32	-2.2739649745345887e-32	3.3367807879121005e-32	-7.49562824198887e-33	6.165694374342134e-33	1.7689572392743156e-33	9.578018345952587e-35	1.355971351158103e-33	1.0280345690560563e-33	-2.6959272329663503e-33	4.486262838642795e-33	-6.051016745616623e-33	1.0464250819014046e-32	-9.119219048930213e-33	1.0177374857843643e-32	-5.1391478777265824e-33	4.897171160999928e-33	-2.2678323230961784e-33	1.682586870831041e-33	-8.78037403345791e-33	-9.1342234072682e-33	-2.7730112216102386e-33	-3.017837051436387e-33	-8.437577068100102e-33	-4.45923201288686e-33	2.1097449947312763e-33	5.999451463050719e-33	5.581677397708818e-33	4.588068604454117e-33	5.6921305571905024e-33	6.491681617518358e-33	4.737284830428041e-33	3.667691840020079e-33	4.35468019048749e-33	1.5131325873921854e-33	2.5839217202923056e-33	-2.5761723173707e-34	-2.254435743043715e-33	4.4132651622126624e-33	-2.46853790040693e-32	2.6086163223692786e-32	0.0	-2.4972898374932177e-30	-5.259213318431793e-31	-4.9132927068387443e-32	3.542864293338091e-32	-2.2378948380133128e-32	7.27684946657702e-32	-1.3311134220131166e-31	7.49329090023811e-32	-9.903668460596158e-33	1.1939574101775253e-33	1.470673383386894e-33
46	5.458027556316518e-33	1.805544966827834e-33	2.3156582530159043e-32	-4.573086160104534e-32	1.3521071816555918e-32	-4.622211681646849e-33	-4.0570419721495454e-33	2.8327948445619575e-33	-3.462680131339723e-33	8.605591374156276e-34	4.95077853229005e-34	1.2316759432508683e-33	-2.9202382811766346e-34	-1.7133821809060098e-34	2.1531151233402894e-33	-3.911738585343722e-33	8.074374405134264e-33	-1.4045893925634767e-32	9.032381224989762e-33	-1.1820298802640184e-32	6.85690833359227e-33	2.1590108599647757e-33	5.915147666901698e-33	1.4138725776353292e-33	-3.721097488864627e-33	-3.632577497906767e-33	-1.1077493791576463e-33	-4.319640494990197e-33	-5.448882716724759e-33	-5.48699066898936e-33	-3.639290345314837e-33	-3.8515096260395925e-33	-3.3539012957819884e-33	-1.844303824945668e-33	-1.4507217850027035e-33	-1.708378417443264e-33	-7.307351504604522e-34	-1.7808845208965412e-34	-1.655039783540643e-33	-1.6096089774930472e-33	1.384595936043616e-33	-3.616626107072087e-33	5.6133342059148986e-33	-2.8310126512535606e-32	2.7250914641423746e-32	0.0	-2.494701082554928e-30	9.510082221636422e-31	-3.908541791659443e-31	-8.658300120566564e-31	-9.113007069870224e-31	5.708932592713621e-34	3.5197017925760933e-32	-1.0871624587120967e-32	7.832437840626461e-33	-3.0557527258067467e-33
47	-1.0578759583816526e-32	-2.2578125879070407e-34	4.336712617013321e-33	3.182093602738326e-33	-8.21991848902847e-33	1.0322785398506395e-32	-4.493717166165419e-33	2.8531191102318523e-33	-1.5525525878816644e-33	6.275871704411099e-35	7.644503004784953e-34	1.6960482722669555e-33	-2.0135347696008352e-33	2.887552744879384e-33	-2.7878570961117856e-33	4.055751839527031e-33	-1.6848579427908903e-33	-4.339621483930232e-34	3.362799353692451e-33	-5.9680636374624624e-33	7.043292307535022e-33	8.971190332775324e-33	-1.1297456224031528e-32	-9.949294465494556e-33	-8.22330433560465e-33	-8.677869094521059e-33	-9.141846938673219e-33	-6.802045149217942e-33	-3.8287790370726946e-33	-1.746897291262841e-33	-1.0879806498239145e-33	-1.3329047070537898e-33	-1.9976925799134536e-34	8.353908225251981e-34	2.6101264175621466e-34	-1.332425905498919e-35	1.2404951193846294e-33	7.882592522927879e-35	-5.383786039067135e-34	-8.170102148769208e-34	-2.845787050998079e-34	-6.200855960722508e-34	-9.81040798891317e-34	-8.070801343220124e-33	-1.2872634293042097e-33	-1.0396567919310975e-31	0.0	-2.4911883185950834e-30	4.813650071640555e-31	3.2739044161488473e-31	1.3661942089011085e-31	-3.486514031588067e-32	1.3392150011207856e-32	-5.102826556801829e-33	4.324763961506055e-33	-9.254648567325616e-34
48	-1.7156991662824893e-32	-9.719153889808898e-33	4.607677209923347e-33	8.528513879604954e-33	-1.0410494747251671e-32	1.187380938163269e-32	-4.650912315130687e-33	2.973139424922975e-33	-1.2859928082413342e-33	1.9359942809643724e-34	9.336591596600021e-34	1.6673574644895646e-33	-2.0912299475323437e-33	3.0452358531286244e-33	-3.173580016383247e-33	5.002106432198894e-33	-2.925869296636071e-33	1.8898230271346994e-33	1.1702939529703666e-33	-3.362258679650062e-33	3.797695847533402e-33	3.735771489834466e-33	-4.627389550519715e-33	-6.186228976354944e-33	-3.947309743179948e-33	-3.105691582931115e-33	-2.8838354344556827e-33	-2.9442368387249935e-33	-8.652123482921959e-34	1.2351357442379083e-33	1.2528882944308432e-33	3.839335388312226e-34	1.1227432399367615e-33	1.8971695157966122e-33	1.1569747966638483e-33	6.960712941066981e-34	1.6787729214846734e-33	5.0622111231643395e-34	-2.721763973194678e-35	-9.115976330613757e-34	-2.105492008151215e-34	-3.1597478460559053e-34	-1.7809452052207715e-33	-3.7843789036902344e-33	-5.487655895705739e-33	-3.0335614024067916e-32	-1.590116786582196e-31	0.0	-2.490466027862536e-30	6.220909194605277e-31	1.5881526226810765e-31	-2.994806670819777e-32	8.17600789627502e-33	-3.938190831237649e-33	3.497922994910324e-33	-7.5923216055350635e-34
49	2.6254119072397073e-32	-9.219676571073566e-33	7.584102563723239e-32	-1.4297653569716365e-31	1.4440216144147083e-32	3.149511099303476e-33	-5.8619584213241705e-33	2.2079663503334208e-33	-3.431922331394318e-33	5.659809163349115e-34	5.129125868328067e-35	8.651876591755881e-34	1.4197518347297667e-34	-4.66740379680597e-34	3.2466477663373255e-33	-4.977060755949357e-33	1.4083231460484856e-32	-2.588780195655911e-32	1.4209360996405554e-32	-1.7951042048309968e-32	5.8445849219618574e-33	-3.564223036455684e-33	1.1268547003322269e-32	2.9993664604318013e-33	-1.370062034934653e-34	2.0596187283279784e-33	6.293500085483198e-33	-5.544789514615273e-34	-3.052588902895724e-33	-2.219610163346609e-33	-5.5971178052115405e-34	-2.4455453699401353e-33	-2.919153574275374e-33	-1.4048747033235725e-33	-1.0927992551430646e-33	-1.646268514762563e-33	-1.1673271097490379e-33	-1.805570064211928e-34	-1.5003970759848299e-33	-1.144284139163084e-33	1.0855068927079299e-33	-2.1199671278342288e-33	3.134281390791274e-33	-1.1158176803406916e-32	1.6634410834843437e-33	-2.568631638775264e-32	-1.3917900807876054e-31	-1.18059482283246e-31	0.0	-2.49504096204814e-30	7.459899199519453e-31	-7.509165686742986e-32	2.3031286281867433e-32	-8.782919597252035e-33	4.8062361167623854e-33	-2.12311003420122e-33
50	4.145100852449088e-32	3.7767313022410595e-32	9.883384456166802e-32	-1.373941970995819e-31	1.1532789396747914e-32	1.0297474741786305e-32	-6.1217957528611026e-33	1.0184001078140514e-33	-3.430213319248144e-33	-5.324376719634383e-34	-3.9716486222537515e-34	1.4124401867174035e-33	-9.254839836408138e-34	1.9218631430545496e-33	7.586274276687862e-34	-4.536656462742435e-33	2.011868801277775e-32	-5.244523538963433e-32	2.8557535759852424e-32	-3.352643219899451e-32	1.1659784479582407e-32	-4.748612087765011e-33	2.845940908911669e-32	1.1545291656235769e-32	-1.5025580860513902e-33	-7.626538799998316e-34	7.962951866644724e-33	-6.848714725665124e-33	-1.3657477101720863e-32	-1.766231362994127e-32	-1.070326459266146e-32	-9.24254028539399e-33	-9.058914712446377e-33	-6.439044942073175e-33	-4.647256863693116e-33	-4.210044869283949e-33	-2.7214576119068074e-33	-1.666018732297873e-33	-3.260717801980174e-33	-2.8534459948171894e-34	-9.661198048014515e-35	-7.001385763568009e-34	9.505739785810699e-34	-9.478699471183627e-33	-1.7312013874231754e-32	9.568039840572067e-32	-1.3253331738172673e-31	-8.285449067857369e-33	6.976211367026751e-32	0.0	-2.4859004497621325e-30	-2.670937209400747e-31	2.462669504164032e-32	-7.771170841188765e-33	4.70782508291634e-33	-9.185082604622705e-34
51	-1.4457102106788088e-32	-8.90257303386456e-33	-2.301198774878345e-32	9.846866645601893e-32	-9.470695014095473e-32	5.665240063703435e-32	5.699158528915337e-33	-2.5604062727678283e-33	6.962655877614812e-33	-8.444818773163613e-35	2.77181633598968e-34	-1.810412841417438e-33	-8.452694427890653e-35	1.0471969431069527e-33	-7.529824740562183e-33	2.0972728681185987e-32	-2.5528434480664294e-32	3.360969711277875e-32	-1.2816884349055223e-32	1.1539554193041199e-32	-4.061742716594129e-33	3.758946285910048e-33	-1.2988561150600107e-32	-7.570891769719316e-33	-1.6961908518918498e-33	-5.7952555030078814e-33	-1.6885674662644657e-32	-1.2006790986967073e-33	5.8352826949197005e-33	9.653362051948926e-33	7.167579917548858e-33	7.921532668091012e-33	8.775459473816998e-33	7.443876286259264e-33	5.133358018810467e-33	4.627362832827737e-33	3.7055249734823766e-33	1.4895529239535243e-33	4.187346755853508e-33	1.4062148538228694e-33	-7.787475501410319e-34	2.9993534022400303e-33	-1.2130439564575243e-33	3.330078804683859e-32	1.373077942659623e-31	-1.2966431517110703e-30	2.2783681141023467e-32	-7.875577941944934e-32	-1.204828741929618e-31	-1.3508882809552285e-31	0.0	-2.4964810435550125e-30	-2.0266819263818436e-31	2.895758020929674e-32	-1.424648525551428e-32	3.599710904769855e-33
52	5.9080916284661084e-33	-1.516855380608331e-33	9.856511949614339e-33	1.0809179622310348e-32	2.6395499986441197e-31	-1.1762623857896525e-30	7.426559942078618e-33	1.85356290367645e-32	-1.5956500213370306e-32	4.23138664338074e-33	1.5149504636752656e-33	2.3780446156886464e-33	3.494037100839862e-33	-1.2666620526571807e-32	2.922600084087273e-32	-7.251741248432509e-32	3.663720939600737e-32	-1.997064832115025e-32	3.779391246022988e-33	-3.598453303370921e-33	6.2727867484499e-34	-2.7153112147051024e-33	1.605759910284535e-33	-4.4026238838885576e-33	-2.261959549920024e-33	2.9343714241264103e-33	2.3141368070987887e-33	-5.521216449424163e-33	-6.0987028147062085e-34	9.256207042273694e-33	8.054551718303249e-33	-4.537686915090597e-34	-4.451175656359474e-34	5.736359715355617e-33	4.008784329870322e-33	-4.112432881920863e-34	6.336327725508492e-34	2.518698956755808e-33	-1.9624299717057937e-33	-7.922817252572416e-33	3.974977176601438e-33	-8.588803949816015e-33	-2.698169778861524e-32	1.4941868053965458e-31	-1.3551806231103359e-31	1.0287220674402497e-31	4.45146177654076e-33	1.806464332010439e-32	2.4374647735024856e-32	1.9643876574944837e-32	4.8481441393482956e-32	0.0	-2.4907165793425757e-30	-2.120888856553587e-31	4.2487431411390224e-32	-1.364238511603806e-32
53	-2.4565170036641224e-33	1.1790534788096792e-33	-2.9738791963022315e-33	-4.8789041687913404e-33	-3.4034273685761155e-32	1.4942883284954842e-31	-1.2597215425680296e-31	9.006789293315824e-32	1.1569569986824611e-32	-6.306387844903556e-33	1.1314901855116252e-33	3.8366420735277294e-33	-1.397350688155553e-32	3.00905654294281e-32	-2.7093154973599956e-32	3.670327904461139e-32	-1.1858971658674225e-32	4.076874807275013e-33	-5.398108857257919e-34	1.3781789967236164e-33	-3.288937988142758e-34	1.4486870851501454e-33	-1.2208773643195655e-33	2.4602827475866883e-33	1.7795248250667215e-33	-1.7207700982045442e-33	-2.671053375583654e-33	3.925679712704156e-33	3.478019494608367e-34	-7.37974609967629e-33	-6.143924489470577e-33	1.5419279265198316e-33	-2.0070199864326832e-34	-6.821445191698977e-33	-5.065150760245821e-33	5.058920992407769e-34	6.686592904895142e-34	-4.515329286411562e-33	2.0334674811738984e-33	1.891730057452043e-32	-1.482297272885064e-32	4.6281220819916874e-32	2.1769610220219258e-31	-1.9614538451388932e-30	4.8887074726999365e-32	1.0565577370580766e-32	-1.194916454086625e-32	-7.577195582017779e-33	-6.534177322073257e-33	-1.057267988845668e-32	-1.54367086416092e-32	4.0448861152129363e-32	0.0	-2.4936244069465388e-30	-2.8414057977408843e-31	3.895885078975498e-32
54	6.878941596680432e-34	-1.3991902592778732e-33	3.627579305152887e-34	6.107740359122844e-33	-6.832342614308634e-33	6.061194544032287e-32	1.666278876844054e-31	-1.7367971508772e-30	2.949433086384474e-32	1.2769756052771892e-32	-1.0623641994233505e-32	-2.3814385752936614e-32	4.848721892611503e-32	-7.108791868042057e-32	2.7653346172956457e-32	-1.3656932437458866e-32	6.923714718525051e-34	2.4496718186845708e-33	-1.6854899496393475e-33	4.2469582092176364e-34	-4.0704831832486285e-34	-8.585152692192898e-34	-8.889963694348107e-35	-2.2075686143005015e-33	-1.4129187309954156e-33	2.936429616337513e-34	-7.982962517523974e-34	-3.5884776777289386e-33	-3.7822584045632805e-34	4.257335404071087e-33	2.1743862401347314e-36	-1.2196114162481147e-33	2.917369691844495e-33	1.1856220418761707e-32	5.926809544423943e-33	1.4447232622456359e-33	3.136477080508413e-33	8.392748229889874e-33	-3.328309601753052e-34	-4.122867571286659e-32	-1.3864444017389303e-32	1.2053658360451132e-31	-1.5396290595088414e-31	9.522740625526876e-32	-5.717142068970491e-33	1.1383562660760055e-33	4.56941876172996e-33	5.5011203446981827e-33	6.09323706950208e-33	3.466916036750095e-33	5.0937880045808055e-33	-2.185733327127768e-32	5.580337339524788e-32	0.0	-2.491007367708011e-30	-2.642300647614888e-31
55	-5.4108733737669335e-34	1.0466504361477524e-33	-1.4964110117059234e-33	-8.346175207006459e-34	-1.4079005969963895e-33	-9.003627802435749e-33	-3.032883366272005e-32	1.024286891015769e-31	-1.533524185974515e-31	5.1507739546607206e-33	1.6414819658999504e-32	4.0482731312550193e-32	-3.054241931894441e-32	2.647082559569781e-32	-1.0327867458157851e-32	5.473678143477179e-33	-1.3149642808680852e-33	2.3138710513251897e-34	1.2655074020537566e-34	6.545385630702572e-34	-3.8183921574481487e-34	1.9614577876021486e-34	-1.9275178000691682e-34	1.1012383247680504e-33	1.3450763268996457e-33	1.746496838409055e-34	-2.1957795818832259e-35	2.513455060331888e-33	1.593941647168585e-33	-7.216849242878681e-34	1.7654797130014823e-33	3.908393827525619e-33	9.216322569840294e-34	-3.173852957307659e-33	1.834775963437425e-33	2.082097874718715e-33	-2.435697107548473e-33	-4.6120484619387414e-33	8.40408287308445e-33	5.91153502942752e-32	1.8429260426145166e-31	-2.1930918128676015e-30	4.094140344671868e-32	2.3671695848331886e-32	-5.7844831634415834e-33	4.131613820471086e-33	-3.407084018834468e-33	-9.73352486369266e-34	-9.074710494989862e-34	-2.32873108636475e-33	-1.6296180842520556e-33	3.938501458786069e-33	-2.6913089382141114e-32	6.515598517542865e-32	0.0	-2.5016746164436086e-30
56	-1.2279267547506934e-33	-2.7584449338998654e-34	-6.263383768412224e-34	-4.344892566808515e-34	-3.40024653048515e-33	-7.437685272491418e-34	-2.0400432156910386e-32	2.862484288527709e-32	-1.3387789642760321e-31	9.080079864112175e-32	3.3344068543853936e-32	5.518197274211422e-32	-2.904972739950895e-32	1.9273784794138494e-32	-8.911347765507069e-33	6.536046167391734e-33	-2.7185870849079895e-33	1.3156977886270702e-33	-6.777232011566076e-34	8.931739761341613e-34	-5.008879758930174e-34	4.9713826680173725e-34	-1.3419996555345389e-33	-1.4072958506365036e-33	-6.6540214405521266e-34	-1.3033097017584839e-33	-2.5823053586154793e-33	-1.8058597114861567e-33	-7.813617462795672e-34	-1.9841923553879875e-33	-3.267185643934259e-33	-1.8536726233575946e-34	7.3150157703974325e-34	-1.2383925881805001e-33	-6.879433123070689e-34	2.613119941884288e-33	4.9110022830119937e-33	-1.127964871571759e-34	1.6890951929931834e-33	2.4895363495384195e-32	-1.7246645418285655e-32	1.2054320458291164e-31	-2.8909929982471345e-32	1.5511274574974606e-32	-4.3460639889421956e-33	4.089898635182706e-33	-1.0798796608811191e-33	1.6305827776962992e-33	1.968198960717325e-33	-1.528419912555218e-33	-9.475708016235378e-34	-1.0562412926854268e-33	-6.402565215407242e-33	4.957166604285668e-33	-9.10471609633173e-32	0.0
